Chris Paul, Russell Westbrook, DeMarcus Cousins, LeBron James, James Harden, Kevin Durant, Blake Griffin, Anthony Davis, LaMarcus Aldridge, Stephen Curry
Damian Lillard, Victor Oladipo, Kobe Bryant, Ty Lawson, Eric Bledsoe, Tyreke Evans, Brandon Knight, DeMar DeRozan, John Wall, Kyle Lowry, Michael Carter-Williams, Rudy Gay, Monta Ellis, Kemba Walker, Kyrie Irving
Zach Randolph, Kawhi Leonard, Greg Monroe, Carmelo Anthony, Al Horford, Marc Gasol, Nikola Vucevic, Paul Millsap, DeAndre Jordan, Andre Drummond, Derrick Favors, Kevin Love, Tim Duncan, Pau Gasol, Chris Bosh, Dwight Howard, Jimmy Butler, Gordon Hayward, Al Jefferson
Deron Williams, Bradley Beal, Kevin Martin, Trevor Ariza, Wilson Chandler, Jordan Hill, Thaddeus Young, Tobias Harris, Maurice Williams, Andrew Wiggins, Darren Collison, Josh Smith, Chandler Parsons, Rajon Rondo, Brook Lopez, Reggie Jackson, Markieff Morris, Nerlens Noel, Tyson Chandler, Kenneth Faried, Joe Johnson, Isaiah Thomas, Dirk Nowitzki, Gorgui Dieng, Enes Kanter, Goran Dragic, Serge Ibaka
Mike Conley, Dwyane Wade, Jeff Teague, Klay Thompson, Ricky Rubio, Tony Wroten, Draymond Green, Derrick Rose, George Hill, Jrue Holiday, Jared Sullinger, Brandon Jennings
Luol Deng, Michael Kidd-Gilchrist, Khris Middleton, Giannis Antetokounmpo, Jarrett Jack, Jonas Valanciunas, Elfrid Payton, Evan Turner, Wes Matthews, Tony Parker, J.J. Redick, Jabari Parker, Kentavious Caldwell-Pope, Joakim Noah, Alec Burks, Rudy Gobert, J.R. Smith, DeMarre Carroll, Ryan Anderson, Kyle Korver, Marcin Gortat, Danny Green, Courtney Lee, Trey Burke, Patrick Beverley, Jeff Green, Mario Chalmers, Nicolas Batum, Donatas Motiejunas, David West, Avery Bradley, Rodney Stuckey, Eric Gordon, Langston Galloway
Corey Brewer, Anthony Morrow, Shabazz Muhammad, Ersan Ilyasova, Carlos Boozer, Andrea Bargnani, Terrence Ross, Jamal Crawford, Luc Mbah a Moute, Wayne Ellington, Jeremy Lin, Evan Fournier, Nick Young, Wesley Johnson, Ben McLemore, Danilo Gallinari, Henry Walker, C.J. Watson, Patrick Patterson, Jodie Meeks, Robert Covington, Jordan Clarkson, Gerald Henderson, Paul Pierce, Dion Waiters, Greivis Vasquez, Zach LaVine, P.J. Tucker, Arron Afflalo, Matt Barnes, Louis Williams, Marcus Morris, Ed Davis
Nikola Pekovic, Boris Diaw, Solomon Hill, Chris Kaman, Amare Stoudemire, Mike Dunleavy, Cody Zeller, Marcus Smart, Aaron Brooks, Tyler Zeller, Hassan Whiteside, Larry Sanders, Marvin Williams, Tony Allen, Brandon Bass, Mason Plumlee, C.J. Miles, Iman Shumpert, Amir Johnson, Mirza Teletovic, Tristan Thompson, Lance Stephenson, Nene Hilario, Andre Iguodala, Steven Adams, Jared Dudley, Norris Cole, Kelly Olynyk, Robin Lopez, Jabari Brown, Andrew Bogut, O.J. Mayo, D.J. Augustin, Gary Neal, Luis Scola, Tim Hardaway Jr., Dennis Schroder, Timofey Mozgov, Jose Calderon, Roy Hibbert, Anderson Varejao, Nikola Mirotic, Donald Sloan, Taj Gibson, Harrison Barnes, Manu Ginobili, Zaza Pachulia, Terrence Jones, John Henson, Omer Asik
Jae Crowder, Chase Budinger, Mitch McGary, Tyler Johnson, Anthony Tolliver, Kevin Garnett, Austin Rivers, Ryan Kelly, Miles Plumlee, Derrick Williams, Ray McCallum, Ronnie Price, Alex Len, Anthony Bennett, Hollis Thompson, Jason Thompson, Jose Barea, Alan Anderson, Randy Foye, Al-Farouq Aminu, Dante Cunningham, Michael Beasley, Channing Frye, Omri Casspi, J.J. Hickson, Paul George, Jason Smith, Kris Humphries, Josh McRoberts, Adreian Payne, Robbie Hummel, Nick Collison, Gerald Green, Robert Sacre, Jerami Grant, Brandan Wright, Lorenzo Brown, Carl Landry, Jason Richardson, Bojan Bogdanovic, Jameer Nelson, Henry Sims, Jusuf Nurkic, Patty Mills, Devin Harris, Jason Terry, Justin Hamilton, Tiago Splitter
Elijah Millsap, Darrell Arthur, Cole Aldrich, Ramon Sessions, Spencer Hawes, Lance Thomas, Joe Ingles, Marreese Speights, Louis Amundson, Brian Roberts, Toney Douglas, Beno Udrih, Alexis Ajinca, Rodney Hood, Kirk Hinrich, Shawne Williams, Willie Green, K.J. McDaniels, Otto Porter, Shaun Livingston, Tarik Black, James Johnson, Andre Roberson, Kevin Seraphin, Quincy Acy, Thabo Sefolosha, Aaron Gordon, Reggie Evans, Richard Jefferson, Dante Exum, Jerryd Bayless, Kyle O'Quinn, Kendrick Perkins, Rasual Butler, Jonas Jerebko, Steve Blake, Udonis Haslem, Larry Drew II, Chris Andersen, Mike Scott, Drew Gooden, Kent Bazemore, Marco Belinelli, Jeremy Lamb, Cory Joseph, Lavoy Allen, David Lee, Andre Miller, Meyers Leonard, Shane Larkin, Pablo Prigioni, Tayshaun Prince, Caron Butler, Isaiah Canaan, Kyle Singler, Dwight Buycks, C.J. McCollum, Will Barton, Quincy Pondexter, Ian Mahinmi, Bismack Biyombo, Alexey Shved, Trevor Booker, James Ennis, Shabazz Napier
Festus Ezeli, Kendall Marshall, Perry Jones III, JaKarr Sampson, Nick Calathes, Dewayne Dedmon, T.J. Warren, Cleanthony Early, Alonzo Gee, Kostas Papanikolaou, Jordan Farmar, Garrett Temple, Chris Copeland, Vince Carter, Travis Wear, Archie Goodwin, Allen Crabbe, Andrew Nicholson, Luke Ridnour, Ishmael Smith, Nate Robinson, Will Bynum, Jason Maxiell, Aron Baynes, Samuel Dalembert, Damjan Rudez, Spencer Dinwiddie, Brandon Davies, P.J. Hairston, John Lucas, Tyler Hansbrough, Phil Pressey, Thomas Robinson, Jon Leuer, Danny Granger, John Jenkins, Kosta Koufos, Leandro Barbosa, Sean Kilpatrick, Matt Bonner, Joel Freeland, Dorell Wright, JaVale McGee, Matthew Dellavedova, Luke Babbitt, Tony Snell, Marcus Thornton, Pero Antic, Justin Holiday, Shelvin Mack, Jimmer Fredette, Cory Jefferson, Shawn Marion, Mike Muscala, Sergey Karasev
Nick Johnson, Glen Davis, Jeffery Taylor, Hedo Turkoglu, Joel Anthony, Reggie Williams, Martell Webster, Lester Hudson, James Young, Tyler Ennis, Ben Gordon, Malcolm Thomas, Glenn Robinson III, Nik Stauskas, Erick Green, Charlie Villanueva, Xavier Henry, Raymond Felton, Markel Brown, Grant Jerrett, E'Twaun Moore, Ryan Hollins, Joffrey Lauvergne, Shayne Whittington, Gary Harris, Maurice Harkless, Noah Vonleh, Clint Capela, Joey Dorsey
Ricky Ledo, Chris Douglas-Roberts, Nate Wolters, Bernard James, Furkan Aldemir, Doug McDermott, Brendan Haywood, Kyle Anderson, James Michael McAdoo, Austin Daye, David Stockton, JaMychal Green, Greg Stiemsma, DeJuan Blair, Jeff Adrien, Mike Miller, Sebastian Telfair, James Jones, Jordan Adams, Devyn Marble, Francisco Garcia, Jared Cunningham, Cartier Martin, Earl Barron, A.J. Price, Elton Brand
Brandon Rush, Jeff Withey, Cameron Bairstow, Troy Daniels, Joe Harris, Gerald Wallace, Darius Morris, Kenyon Martin, Jerel McNeal, Landry Fields, Jorge Gutierrez, Zoran Dragic, Miroslav Raduljica, Jack Cooley, Johnny O'Bryant, Steve Novak, Luigi Datome, Sim Bhullar, Jeff Ayres, Greg Smith, Ian Clark, Ekpe Udoh, Nazr Mohammed, Chuck Hayes, C.J. Wilcox, Dwight Powell, Lucas Nogueira, Jeremy Evans, John Salmons, Dahntay Jones, Shavlik Randolph, Jerome Jordan, Reggie Bullock
David Wear, Elliot Williams, Andre Dawkins, Andrei Kirilenko, Victor Claver, Quincy Miller, Alex Kirk, Glen Rice Jr., Will Cherry, Jordan Hamilton, Toure' Murry, Shannon Brown, Ognjen Kuzmic, Jannero Pargo, Russ Smith, Jarnell Stokes, Arinze Onuaku, Drew Gordon, Bryce Cotton, Ronny Turiaf, Earl Clark
Patrick Christopher, Chris Johnson, Bruno Caboclo, Tim Frazier, Darius Miller, Eric Moreland, Gal Mekel
Jerrelle Benimon, Arnett Moultrie, Julius Randle, Malcolm Lee
Kalin Lucas, Xavier Silas, Talib Zanna, Shawn Jones, Michael Eric, Marquis Teague, Doron Lamb, Casper Ware, Khem Birch, Damion James, Roscoe Smith, Michael Jenkins, Aaron Craft, Nemanja Nedovic
Patric Young, Adonis Thomas, Jason Kapono, Chris Crawford, Kevin Jones, Jeremy Tyler, Marcus Williams, Shane Edwards, Ivan Johnson
Brady Heslip, Josh Davis, D.J. Stephens, Starter Name, Tony Mitchell, Ronald Roberts, Trey Johnson, Rodney McGruder
